Index,User Id,Sex,Email,Phone,Job Title,birth-date,Name
1,88F7B33d2bcf9f5,Male,elijah57@example.net,001-084-906-7849x73518,Games developer,1945/10/26,Shelby Terrell
2,f90cD3E76f1A9b9,Female,bethany14@example.com,214.112.6044x4913,Phytotherapist,1910/03/24,Phillip Summers
3,DbeAb8CcdfeFC2c,Male,bthompson@example.com,277.609.7938,Homeopath,1992/07/02,Kristine Travis
4,A31Bee3c201ef58,Male,kaitlinkaiser@example.com,584.094.6111,Market researcher,2017/08/03,Yesenia Martinez
5,1bA7A3dc874da3c,Male,buchananmanuel@example.net,689-207-3558x7233,Veterinary surgeon,1938/12/01,Lori Todd
6,bfDD7CDEF5D865B,Male,tconner@example.org,001-171-649-9856x5553,Waste management officer,2015/10/28,Erin Day
7,bE9EEf34cB72AF7,Female,conniecowan@example.com,+1-773-151-6685x49162,Intelligence analyst,1989/01/22,Katherine Buck
8,2EFC6A4e77FaEaC,Male,wyattbishop@example.com,001-447-699-7998x88612,Hydrogeologist,1924/03/26,Ricardo Hinton
9,baDcC4DeefD8dEB,Male,nmccann@example.net,603-428-2429x27392,Lawyer,2018/10/06,Dave Farrell
10,8e4FB470FE19bF0,Male,virginiaterrell@example.org,+1-511-372-1544x8206,"Engineer, site",1964/09/20,Isaiah Downs
11,BF0BbA03C29Bb3b,Female,huangcathy@example.com,895.881.4746,Advertising account executive,2008/03/20,Sheila Ross
12,F738c69fB34E62E,Male,rayleroy@example.org,710.673.3213x80335,Warden/ranger,1980/10/20,Stacy Newton
13,C03fDADdAadAdCe,Male,jefferynoble@example.org,(992)466-1305x4947,"Scientist, clinical (histocompatibility and immunogenetics)",2007/12/08,Mandy Blake
14,b759b74BD1dE80d,Female,mercedes44@example.com,(216)627-8359,Social worker,2004/06/28,Bridget Nash
15,1F0B7D65A00DAF9,Male,pmiranda@example.org,+1-024-377-5391,Agricultural consultant,1992/03/09,Crystal Farmer
16,50Bb061cB30B461,Female,braunpriscilla@example.net,+1-360-880-0766,Sport and exercise psychologist,2006/02/18,Thomas Knight
17,D6dbA5308fEC4BC,Male,sheenabanks@example.com,(246)187-4969,Secretary/administrator,2004/08/20,Maurice Rangel
18,311D775990f066d,Male,gbrewer@example.org,429.965.3902x4447,Audiological scientist,2008/09/16,Frank Meadows
19,7F7E1BAcb0C9AFf,Male,gilbertdonaldson@example.com,219.436.0887x07551,"Teacher, adult education",1949/05/12,Alvin Paul
20,88473e15D5c3cD0,Female,jcortez@example.com,+1-958-849-6781,Paediatric nurse,1921/01/18,Jared Mitchell
21,b31D271F8c200AB,Female,carias@example.net,819.309.7679x59173,"Scientist, marine",1952/10/09,Jacqueline Norton
22,42F4BdA841aBadC,Female,fknox@example.org,638.584.1090,Commercial horticulturist,1949/10/14,Colleen Hatfield
23,cBbBcA0FCA3C4Bc,Male,huangbill@example.org,001-960-629-7164x67214,Outdoor activities/education manager,1947/12/30,Randy Barnes
24,f1f89173353aD90,Female,juarezdominique@example.net,001-249-314-9742x6996,Drilling engineer,1999/11/01,Janice Rhodes
25,c5B09fb33e8bA0A,Female,cassandramorris@example.com,(468)276-9509x53058,Systems analyst,1993/05/28,Alfred Mcneil
26,c9F2282C40BEC1E,Male,sallymiller@example.net,4915828504,"Conservation officer, nature",2010/10/09,Sean Levine
27,9c1bc7EC53Fb7cE,Male,bsullivan@example.net,6232695307,Counsellor,1916/01/29,Louis Payne
28,ddEc50e2A2e3a2B,Female,ayalajose@example.net,945-739-8686,Recycling officer,1932/10/31,Brittney Vega
29,66F096D36Ebae11,Male,irosales@example.net,001-654-208-1241x52830,Art gallery manager,1963/07/28,Judy Buckley
30,F0fE2faAd78F8b5,Male,mconrad@example.com,223.002.0429,Gaffer,1957/05/21,Norman Weber
31,5d2feAfbdCAA6B5,Female,jimblake@example.org,001-536-544-3367,Food technologist,1966/04/07,Isaiah Camacho
32,cDa5F303fCd6dEa,Male,nsampson@example.net,(247)762-8934,Building services engineer,1999/02/25,Jacqueline Gallagher
33,8Ef7DBfcaB02b6B,Female,caitlin24@example.net,+1-253-987-2776x9161,Seismic interpreter,1953/12/21,Bonnie Andrews
34,6Dec5b5542F8ed8,Female,mconley@example.net,+1-386-673-1465x006,"Engineer, biomedical",1931/05/12,Brandon Schmidt
35,3Fb8a7f68e12784,Female,reynoldsdarryl@example.net,(137)908-3129x65035,Set designer,1980/11/18,Jackson Sparks
36,035eff50B9A0F24,Male,jeannovak@example.org,(826)792-7381,Research scientist (life sciences),1963/06/25,Melody Cook
37,aa614aAE4B7Cf0C,Male,clinton78@example.org,941-038-0427x38800,"Accountant, chartered management",1938/03/13,Leonard Hurst
38,ACcde95AAe3e6cC,Female,luisdeleon@example.org,+1-356-818-6604x89537,"Surveyor, quantity",1946/08/22,Gene Rich
39,b6a35de5CB6fc25,Female,rosariodave@example.org,(110)858-2437x70190,Outdoor activities/education manager,1984/01/27,Cynthia Wiggins
40,e92A191E345fA3A,Female,vickihouston@example.com,(830)774-9002x086,Information systems manager,2003/03/12,Tanya Mckinney
41,7D0AcBF6CCac3fd,Female,evelyn31@example.org,952-381-6360,"Scientist, clinical (histocompatibility and immunogenetics)",2017/08/23,Matthew Stone
42,CEFA7BBCef013AE,Female,stephenfuller@example.org,001-826-496-5529x8661,Accounting technician,2009/04/08,Kirk Walsh
43,9edBC94aE7cA22a,Female,haleymathews@example.net,741.168.6854x067,Management consultant,1978/02/02,Willie Vang
44,fFe7BAA737aDbe2,Female,tyrone56@example.org,5247842945,Make,1930/08/26,Miguel Hill
45,5F2f3fAca8B0946,Male,lhernandez@example.com,(975)799-4261,Retail banker,1997/10/04,Darren Andrews
46,6bFcfc3cc1BC6B4,Female,molly03@example.org,(746)182-6137x2453,Commissioning editor,1980/09/16,Haley Pugh
47,f3BD2cBF7eEb6df,Female,jvang@example.org,(890)374-9518x772,"Accountant, chartered management",1930/07/09,Danielle Estrada
48,Ee4eB129dC7913A,Male,erikmueller@example.org,(390)002-0863,Seismic interpreter,1957/06/27,Becky Brady
49,dBCEf340C3657Eb,Male,rivasdominique@example.org,805-021-3965x46344,Jewellery designer,1968/01/26,Caitlyn Frey
50,E47FB71DD9ACCd9,Male,daisymcgee@example.net,875.994.2100x535,"Education officer, museum",1954/07/28,Joshua Sweeney
51,eA3fDd79BE9f0E7,Female,staffordtravis@example.net,601-155-3065x1131,Estate manager/land agent,1931/09/25,Heidi Escobar
52,aF0eE4547Bc025c,Female,saralong@example.net,952-283-1423x733,Physiotherapist,1911/10/23,Brian Oconnell
53,9F5DeD7aD228F5a,Female,iphelps@example.net,+1-327-578-8754x6771,Passenger transport manager,1930/12/09,Beverly Esparza
54,D3Fa0220dDE4d36,Female,roberto29@example.com,(655)887-2040x37888,Call centre manager,1908/11/17,Nathaniel Rivas
55,60FdBFd5e7BE8fF,Female,yolanda07@example.org,001-731-525-8400x52593,Special educational needs teacher,1927/08/20,Debra Payne
56,D8bF5Ab2b98caff,Female,abbottyvette@example.net,4225525458,Museum/gallery exhibitions officer,1980/10/21,Mackenzie Rocha
57,CD8d33aA25bc8BB,Female,ochang@example.org,210.683.2761x5883,Pension scheme manager,2003/12/07,Courtney Watkins
58,Fac3BfFf0A3d03c,Female,amyanderson@example.com,497-774-3053,Archaeologist,1910/04/10,Fred Olsen
59,e552D7ddafe1FFb,Female,qnorman@example.org,956.330.2951,Historic buildings inspector/conservation officer,1924/05/02,Ryan Nelson
60,0f8deedb629A5f6,Male,clarkeangela@example.net,(034)867-8827x6777,Petroleum engineer,1909/10/15,Grace Phelps
61,bB9e49E506F65ed,Male,kalvarado@example.org,001-951-655-4798x6124,Curator,1944/11/24,Shari Daugherty
62,Ed724605A403D91,Male,jodyvincent@example.org,995.000.4213x0982,Retail banker,2010/01/17,Kelli Garner
63,0aBE5ACb18E0c10,Male,hutchinsonkirk@example.com,001-740-937-0846x0087,Neurosurgeon,1915/11/11,Jackie Bennett
64,5D2cb63CaAF53f6,Female,floreschristina@example.org,795.782.4384x555,Chiropractor,1983/11/06,Leslie Conway
65,Ee6974f90eeCe18,Female,nathan65@example.org,+1-026-265-6392,"Biochemist, clinical",1943/03/15,Harold Barnett
66,cEf02C076afa07f,Male,maria32@example.org,+1-244-630-3792x4121,"Scientist, water quality",2021/05/05,Larry Harper
67,9Df5Ba591bF3EFf,Female,imccullough@example.com,116-729-5046,Hydrologist,1967/11/09,Mike Ward
68,3faB1CBfEFBDdD4,Female,corey92@example.com,593.976.2528,"Biochemist, clinical",1959/12/24,Brittney Rubio
69,Ebcefdf75eCb0a9,Male,daltoncalvin@example.net,(035)961-5060x9182,Hospital pharmacist,1926/03/10,Frank Pineda
70,e75e5DBfcb68887,Male,ubanks@example.com,+1-096-606-6454x067,Warehouse manager,1925/04/28,Sandra Wu
71,6a53a8D41dDF6de,Male,lopezdebbie@example.org,+1-695-557-9948x485,Physiological scientist,2020/10/06,Ryan Benton
72,F0d3bD1aaf9E3Bc,Male,meagan39@example.net,017.665.3744x7944,English as a second language teacher,1933/01/31,Tamara Hull
73,5bC87340799FBD0,Female,kristina76@example.com,(954)060-1066,Financial trader,1985/08/06,Jean Ritter
74,dBfA17Aaf16b4ab,Female,weissbridget@example.com,+1-521-589-2387x48490,Structural engineer,1974/06/08,Veronica Briggs
75,c935b7Eb6FA0B0F,Female,wpetersen@example.org,7677125383,"Biochemist, clinical",1990/11/15,Kim Andrews
76,b3e15e65Ca2CcBf,Male,wongmary@example.org,079-907-5051,Race relations officer,1956/11/29,Tina Cunningham
77,dade3452F0c32FD,Male,gailfrench@example.net,874-037-2032x932,"Psychologist, forensic",2011/07/19,Jonathon Atkinson
78,AdEd6cfD85DeC46,Female,vpaul@example.com,(742)214-8691,Newspaper journalist,1974/08/18,Jermaine Reid
79,DAf111987098ae4,Male,xpoole@example.net,891-359-2684,Public house manager,2011/11/28,Regina Stevens
80,6e6a5b885F6496d,Male,cassandra80@example.org,221.800.6408x5416,Careers information officer,1944/02/27,Terrence Huff
81,12DCb4ED8E01D5C,Female,johnathan72@example.org,001-386-469-3075x8030,Economist,1908/09/19,Tyler Foley
82,E1cB5cA8CA7CC0a,Male,nhall@example.net,+1-376-865-2765x3351,Jewellery designer,1948/05/14,Andrew Waters
83,AedDfaE8Cf49F07,Male,erikaball@example.net,+1-832-500-6044x475,Contracting civil engineer,2010/02/08,Reginald Stephenson
84,bff9853aFAeF772,Female,nixonvanessa@example.net,001-834-660-8312x9864,Higher education lecturer,1961/11/11,Douglas Reese
85,E883773cA5219Be,Female,melvin08@example.net,001-377-726-4229,"Lecturer, further education",1911/08/11,Helen Williamson
86,CB19EafEbBfF9eC,Male,oblake@example.com,160-144-5039x12276,Research scientist (life sciences),1990/07/08,Mario Vaughn
87,5834700fbEd2771,Male,johnnyhendricks@example.net,001-698-651-0138x18588,"Teacher, early years/pre",1958/05/13,Chelsea Dickson
88,2b0Ab1Dc9E01D7E,Male,pbarron@example.net,+1-965-621-1157x345,Travel agency manager,1908/08/22,Dustin Bailey
89,3f3a3D89ad042Dd,Female,olsenmalik@example.net,+1-451-099-5805,Technical sales engineer,1947/08/24,Harry Medina
90,9425E2F38C408ef,Female,teresa37@example.com,(164)105-8456,Charity fundraiser,1955/09/02,Kathy Haney
91,F0aeC9c2759F3C6,Female,zmiles@example.net,3506680871,Patent attorney,1941/07/10,Alison Nixon
92,d6EA619A7C4aA95,Female,sheenadouglas@example.com,(900)803-9295x11533,"Conservator, furniture",1994/07/17,Jamie Hardy
93,2A33E7Cad1bb0F5,Female,evan90@example.org,(626)520-5080x3511,Dance movement psychotherapist,1974/07/30,Melody Cox
94,d181FFB7d3E68bb,Male,nicolas90@example.org,8164259975,Financial planner,1938/11/29,Xavier Cole
95,feaBf8dAE0C0d6F,Female,angelanavarro@example.net,971-992-4521,Air broker,1942/04/01,Dillon Guzman
96,5eFda7caAeB260E,Female,bmartin@example.org,001-095-524-2112x257,Software engineer,1954/07/30,Dennis Barnes
97,CCbFce93d3720bE,Female,latasha46@example.net,001-865-478-5157,Barrister,1932/04/29,Steve Patterson
98,2fEc528aFAF0b69,Male,regina11@example.org,995-542-3004x76800,Police officer,1994/12/28,Wesley Bray
99,Adc7ad9B6e4A1Fe,Female,alexiscantrell@example.org,001-273-685-6932x092,Broadcast journalist,2012/04/12,Summer Oconnell
100,b8D0aD3490FC7e1,Male,pcopeland@example.org,(341)594-6554x44657,IT sales professional,2016/11/15,Mariah Bernard
